MaTruong,TenTruong,DiaChi,SĐT,Website,TinhThanh,MaNganh,TenNganh,ChiTieu,DiemChuan,DVChuQuan
BVH,Học viện Công nghệ Bưu chính Viễn thông,"122 Hoàng Quốc Việt, Q.Cầu Giấy, Hà Nội",24.33512252,ptit.edu.vn,Hà Nội,7480201,Công nghệ thông tin,650,22,Bộ Thông Tin Và Truyền Thông 
BVH,Học viện Công nghệ Bưu chính Viễn thông,"123 Hoàng Quốc Việt, Q.Cầu Giấy, Hà Nội",24.33512252,ptit.edu.vn,Hà Nội,7480202,An toàn thông tin,250,20.8,Bộ Thông Tin Và Truyền Thông 
BVS,Học viện Công nghệ Bưu chính Viễn thông - Cơ sở 2,"11 Nguyễn Đình Chiểu, Phường Đa Kao, Quận 1, TP. Hồ Chí Minh",2838297220,hcm.ptit.edu.vn,TP. Hồ Chí Minh,7480201,Công nghệ thông tin,210,20.25,Bộ Thông Tin Và Truyền Thông 
BVS,Học viện Công nghệ Bưu chính Viễn thông - Cơ sở 2,"12 Nguyễn Đình Chiểu, Phường Đa Kao, Quận 1, TP. Hồ Chí Minh",2838297220,hcm.ptit.edu.vn,TP. Hồ Chí Minh,7480202,An toàn thông tin,80,19,Bộ Thông Tin Và Truyền Thông 
BVU,Trường Đại học Bà Rịa - Vũng Tàu,"80 Trương Công Định, Phường 3, Tp. Vũng Tàu, Bà Rịa-Vũng Tàu",0254 730 5456,bvu.edu.vn,Bà Rịa-Vũng Tàu,7480201,Công nghệ thông tin,150,15.5,Bộ Giáo Dục Và Đào Tạo
DAD,Trường Đại học Đông Á,"33 Xô Viết Nghệ Tỉnh, Phường Hòa Cường Nam, Hải Châu, Đà Nẵng",(0236)35919991,donga.edu.vn,Đà Nẵng,7480201,Công nghệ thông tin,60,14,Bộ Giáo Dục Và Đào Tạo
DBD,Trường Đại học Bình Dương,"504 Đại lộ Bình Dương, Phường Hiệp Thành, TP. Thủ Dầu Một, Bình Dương",(0274) 3822 058,www.bdu.edu.vn,Bình Dương,7480201,Công nghệ thông tin,90,13.5,Bộ Giáo Dục Và Đào Tạo
DBH,Trường Đại học Quốc tế Bắc Hà,"Thị trấn Lim, huyện Tiên Du, Bắc Ninh",2466896600,www.bhiu.edu.vn,Bắc Ninh,7480201,Công nghệ thông tin,30,15.5,Bộ Giáo Dục Và Đào Tạo
DBL,Trường Đại học Bạc Liêu,"Số 178, đường Võ Thị Sáu, phường 8, thành phố Bạc Liêu, Bạc Liêu",02913 822 653,blu.edu.vn,Bạc Liêu,7480201,Công nghệ thông tin,60,15,UBND Tỉnh Bạc Liêu
DCA,Trường Đại học Chu Văn An,"Khu Đô thị đại học Phố Hiến, phường Hiến Nam, TP Hưng Yên, Hưng Yên",02213.515.587,www.cvauni.edu.vn,Hưng Yên,7480201,Công nghệ thông tin,40,15,Bộ Giáo Dục Và Đào Tạo
DCD,Trường Đại học Công nghệ Đồng Nai,"Đường Nguyễn Khuyến, KP5, phường Trảng Dài, TP. Biên Hòa, Đồng Nai",0251 3996 473,dntu.edu.vn,Đồng Nai,7480201,Công nghệ thông tin,200,14,Bộ Giáo Dục Và Đào Tạo
DCL,Trường Đại học Cửu Long,"QL 1A, Phú Quới, Long Hồ, Vĩnh Long",02703 831155,www.mku.edu.vn,Vĩnh Long,7480201,Công nghệ thông tin,80,13,Bộ Giáo Dục Và Đào Tạo
DCN,Trường Đại học Công nghiệp Hà Nội,"Số 298 đường Cầu Diễn, quận Bắc Từ Liêm, TP. Hà Nội",2437655121,www.haui.edu.vn,TP. Hà Nội,7480101,Khoa học máy tính,120,18.75,Bộ Công Thương
DCN,Trường Đại học Công nghiệp Hà Nội,"Số 298 đường Cầu Diễn, quận Bắc Từ Liêm, TP. Hà Nội",2437655121,www.haui.edu.vn,TP. Hà Nội,7480101_QT,Khoa học máy tính (LK với ĐH Frostburg),20,16.85,Bộ Công Thương
DCN,Trường Đại học Công nghiệp Hà Nội,"Số 298 đường Cầu Diễn, quận Bắc Từ Liêm, TP. Hà Nội",2437655121,www.haui.edu.vn,TP. Hà Nội,7480102,Mạng máy tính và truyền thông dữ liệu,70,16.6,Bộ Công Thương
DCN,Trường Đại học Công nghiệp Hà Nội,"Số 298 đường Cầu Diễn, quận Bắc Từ Liêm, TP. Hà Nội",2437655121,www.haui.edu.vn,TP. Hà Nội,7480103,Kỹ thuật phần mềm,220,18.95,Bộ Công Thương
DCN,Trường Đại học Công nghiệp Hà Nội,"Số 298 đường Cầu Diễn, quận Bắc Từ Liêm, TP. Hà Nội",2437655121,www.haui.edu.vn,TP. Hà Nội,7480104,Hệ thống thông tin,120,18,Bộ Công Thương
DCN,Trường Đại học Công nghiệp Hà Nội,"Số 298 đường Cầu Diễn, quận Bắc Từ Liêm, TP. Hà Nội",2437655121,www.haui.edu.vn,TP. Hà Nội,7480108,Công nghệ kỹ thuật máy tính,130,18.3,Bộ Công Thương
DCN,Trường Đại học Công nghiệp Hà Nội,"Số 298 đường Cầu Diễn, quận Bắc Từ Liêm, TP. Hà Nội",2437655121,www.haui.edu.vn,TP. Hà Nội,7480201,Công nghệ thông tin,390,20.4,Bộ Công Thương
DCT,Trường Đại học Công nghiệp Thực phẩm tp. Hồ Chí Minh,"140 Lê Trọng Tấn, Phường Tây Thạnh, Quận Tân Phú, TP. Hồ Chí Minh",(028) 38161673 - 104,tuyensinh.hufi.edu.vn,TP. Hồ Chí Minh,7480201,Công nghệ thông tin,324,16.5,Bộ Công Thương
DCT,Trường Đại học Công nghiệp Thực phẩm tp. Hồ Chí Minh,"140 Lê Trọng Tấn, Phường Tây Thạnh, Quận Tân Phú, TP. Hồ Chí Minh",(028) 38161673 - 104,tuyensinh.hufi.edu.vn,TP. Hồ Chí Minh,7480202,An toàn thông tin,72,16,Bộ Công Thương
DCV,Trường Đại học Công nghiệp Vinh,"Số 26, Đường Nguyễn Thái Học, TP Vinh, Nghệ An",0238 3540 216,www.iuv.edu.vn,Nghệ An,7480201,Công nghệ thông tin,100,13.5,Bộ Giáo Dục Và Đào Tạo
DDA,Trường Đại học Công nghệ Đông Á,"Khu Xuân Ổ A, Phường Võ Cường, TP Bắc Ninh, Bắc Ninh",24.62627798,eaut.edu.vn,Bắc Ninh,7480201,Công nghệ thông tin,130,14,Bộ Giáo Dục Và Đào Tạo
DDB,Trường Đại học Thành Đông,"Số 3 Vũ Công Đán, Phường Tứ Minh, Hải Dương",03203 680 186,thanhdong.edu.vn,Hải Dương,7480201,Công nghệ thông tin,80,15.5,Bộ Giáo Dục Và Đào Tạo
DDD,Trường Đại học Đông Đô,"Km25, quốc lộ 6, Phú Nghĩa, Chương Mỹ, Hà Nội",24.3771996,www.hdiu.edu.vn,Hà Nội,7480201,Công nghệ thông tin,80,15.5,Bộ Giáo Dục Và Đào Tạo
DDI,Khoa Công nghệ thông tin và truyền thông - Đại học Đà Nẵng,"Đô thị Đại học Đà Nẵng, đường Nam Kỳ Khởi Nghĩa, Đà Nẵng",2366552688,sict.udn.vn,Đà Nẵng,7480201,Công nghệ thông tin,80,17,Bộ Giáo Dục Và Đào Tạo
DDI,Khoa Công nghệ thông tin và truyền thông - Đại học Đà Nẵng,"Đô thị Đại học Đà Nẵng, đường Nam Kỳ Khởi Nghĩa, Đà Nẵng",2366552688,sict.udn.vn,Đà Nẵng,7480201DT,Công nghệ thông tin (Đào tạo đặc thù),240,16.55,Bộ Giáo Dục Và Đào Tạo
DDI,Khoa Công nghệ thông tin và truyền thông - Đại học Đà Nẵng,"Đô thị Đại học Đà Nẵng, đường Nam Kỳ Khởi Nghĩa, Đà Nẵng",2366552688,sict.udn.vn,Đà Nẵng,7480108,Công nghệ thông tin,100,15.5,Bộ Giáo Dục Và Đào Tạo
DDK,Trường Đại họ̣c Bách khoa - Đại học Đà Nẵng,"54 Nguyễn Lương Bằng, phường Hòa Khánh, quận Liên Chiểu, Đà Nẵng",0868.924.555,www.dut.udn.vn,Đà Nẵng,7480201,Công nghệ thông tin,150,23,Bộ Giáo Dục Và Đào Tạo
DDK,Trường Đại họ̣c Bách khoa - Đại học Đà Nẵng,"54 Nguyễn Lương Bằng, phường Hòa Khánh, quận Liên Chiểu, Đà Nẵng",0868.924.555,www.dut.udn.vn,Đà Nẵng,7480201DT,Công nghệ thông tin (Đào tạo đặc thù),90,20,Bộ Giáo Dục Và Đào Tạo
DDK,Trường Đại họ̣c Bách khoa - Đại học Đà Nẵng,"54 Nguyễn Lương Bằng, phường Hòa Khánh, quận Liên Chiểu, Đà Nẵng",0868.924.555,www.dut.udn.vn,Đà Nẵng,7480201CLC,Công nghệ thông tin (Chất lượng cao),45,20.6,Bộ Giáo Dục Và Đào Tạo
DDL,Trường Đại học Điện lực,"Số 235, Hoàng Quốc Việt, Bắc Từ Liêm, Hà Nội",2422452662,www.epu.edu.vn,Hà Nội,7480201,Công nghệ thông tin,40,16,Bộ Công Thương
DDM,Trường Đại học Công nghiệp Quảng Ninh,"Xã Yên Thọ, Thị xã Đông Triều,Tnh Quảng Ninh",2033871292,qui.edu.vn,Tnh Quảng Ninh,7480201,Công nghệ thông tin,40,13,Bộ Công Thương
DDN,Trường Đại học Đại Nam,"Số 1, phố Xốm, phường Phú Lãm, Hà Đông, Hà Nội",2435577799,www.dainam.edu.vn,Hà Nội,7480201,Công nghệ thông tin,100,14.5,Bộ Giáo Dục Và Đào Tạo
DDP,Phân hiệu Đại học Đà Nẵng tại KonTum,"704 Phan Đình Phùng, Quang Trung, Kon Tum",0260 3913 029,kontum.udn.vn,Kon Tum,7480201,Công nghệ thông tin,40,14.3,Bộ Giáo Dục Và Đào Tạo
DDS,Trường Đại họ̣c Sư phạm - Đại học Đà Nẵng,"số 459 đường Tôn Đức Thắng, quận Liên Chiểu, TP. Đà Nẵng",0236 3841 323,ued.udn.vn,TP. Đà Nẵng,7480201,Công nghệ thông tin,290,15,Bộ Giáo Dục Và Đào Tạo
DDS,Trường Đại họ̣c Sư phạm - Đại học Đà Nẵng,"số 459 đường Tôn Đức Thắng, quận Liên Chiểu, TP. Đà Nẵng",0236 3841 323,ued.udn.vn,TP. Đà Nẵng,7480201DT,Công nghệ thông tin (Đào tạo đặc thù),300,22.25,Bộ Giáo Dục Và Đào Tạo
DDS,Trường Đại họ̣c Sư phạm - Đại học Đà Nẵng,"số 459 đường Tôn Đức Thắng, quận Liên Chiểu, TP. Đà Nẵng",0236 3841 323,ued.udn.vn,TP. Đà Nẵng,7480201CLC,Công nghệ thông tin (Chất lượng cao),100,15.1,Bộ Giáo Dục Và Đào Tạo
DDT,Trường Đại học Duy Tân,"254 Nguyễn Văn Linh, Thạc Gián, Thanh Khê, Đà Nẵng",(0236) 3653561,www.duytan.edu.vn,Đà Nẵng,7480103,Kỹ thuật Phần mềm,500,13,Bộ Giáo Dục Và Đào Tạo
DDV,Viện Nghiên cứu và Đào tạo Việt - Anh thuộc Đại học Đà Nẵng,"158A Lê Lợi, Quận Hải Châu 1, Đà Nẵng",0236 3738399,www.vnuk.udn.vn,Đà Nẵng,7480204,Khoa học và Kỹ thuật máy tính,40,19.3,Đại Học Đà Nẵng
DHP,Trường Đại học Dân lập Hải Phòng,"Số 36 - Đường Dân Lập, Phường Dư Hàng Kênh, Quận Lê Chân, Hải Phòng",02253.740.577,www.hpu.edu.vn,Hải Phòng,7480201,Công nghệ thông tin,150,15,Bộ Giáo Dục Và Đào Tạo
DHQ,Phân hiệu Đại học Huế tại Quảng Trị,"Đường Điện Biên Phủ, phường Đông Lương",233.3560661,phqt.hueuni.vn,phường Đông Lương,7480201,Công nghệ thông tin,50,13.5,Đại Học Huế
DHT,Trường Đại học Khoa học - Đại học Huế,"Số 77 Nguyễn Huệ, thành phố Huế, tỉnh Thừa Thiên Huế",2343823290,www.husc.edu.vn,tỉnh Thừa Thiên Huế,7480201,Công nghệ thông tin,250,13.5,Đại Học Huế
DHV,Trường Đại học Hùng Vương - tp. Hồ Chí Minh,"736 Nguyễn Trãi, Phường 11, Quận 5, TP. HCM",0283 8553675,www.hvuh.edu.vn,TP. HCM,7480201,Công nghệ thông tin,100,14,Bộ Giáo Dục Và Đào Tạo
DKB,Trường Đại học Kinh tế - Kỹ thuật Bình Dương,"530 Đại lộ Bình Dương, P. Hiệp Thành, Tp. Thủ Dầu Một, Bình Dương",(0274) 3822847,www.ktkt.edu.vn,Bình Dương,7480201,Công nghệ thông tin,78,14,Bộ Giáo Dục Và Đào Tạo
DKC,Trường Đại học Công nghệ Tp. Hồ Chí Minh,"475A Điện Biên Phủ, Phường 25, Quận Bình Thạnh, TP. Hồ Chí Minh",028 35120783,www.hutech.edu.vn,TP. Hồ Chí Minh,7480201,Công nghệ thông tin,250,17,Bộ Giáo Dục Và Đào Tạo
DKC,Trường Đại học Công nghệ Tp. Hồ Chí Minh,"475A Điện Biên Phủ, Phường 25, Quận Bình Thạnh, TP. Hồ Chí Minh",028 35120783,www.hutech.edu.vn,TP. Hồ Chí Minh,7480202,An toàn thông tin,100,16,Bộ Giáo Dục Và Đào Tạo
DKD,Trường Đại học Kinh tế Kỹ thuật Công nghiệp (Cơ sở Nam Định),"Số 353 Trần Hưng Đạo, Phường Bà Triệu, Nam Định",(0228)3848706,www.uneti.edu.vn,Nam Định,7480201,Công nghệ thông tin,30,14,Bộ Công Thương
DKK,Trường Đại học Kinh tế Kỹ thuật Công nghiệp (Cơ sở Hà Nội)," Số 353 Trần Hưng Đạo, Phường Bà Triệu, Nam Định",(0228)3848706,www.uneti.edu.vn,Nam Định,7480102,Mạng máy tính và truyền thông dữ liệu ,50,15.5,Bộ Công Thương
DKK,Trường Đại học Kinh tế Kỹ thuật Công nghiệp (Cơ sở Hà Nội)," Số 353 Trần Hưng Đạo, Phường Bà Triệu, Nam Định",(0228)3848706,www.uneti.edu.vn,Nam Định,7480201,Công nghệ thông tin,70,18.5,Bộ Công Thương
DKT,Trường Đại học Hải Dương,"Khu Đô thị phía Nam, Hải Dương",02203.710.919,uhd.edu.vn,Hải Dương,7480201,Công nghệ thông tin,50,13,UBND Tỉnh Hải Dương
DLA,Trường Đại học Kinh tế Công nghiệp Long An,"938 Quốc lộ 1, Phường Khánh Hậu, Thành Phố Tân An, Long An",02723.513.668,www.daihoclongan.edu.vn,Long An,7480101,Khoa học máy tính,118,15,Bộ Giáo Dục Và Đào Tạo
DLH,Trường Đại học Lạc Hồng,"Số 10 Huỳnh Văn Nghệ, P. Bửu Long, TP. Biên Hòa, Đồng Nai",251.3952778,lhu.edu.vn,Đồng Nai,7480201,Công nghệ thông tin,100,14,Bộ Giáo Dục Và Đào Tạo
DNC,Trường Đại học nam Cần Thơ,"số 168 Nguyễn Văn Cừ (nối dài), Phường An Bình, Q. Ninh Kiều, Cần Thơ",02923 798 668,www.nctu.edu.vn,Cần Thơ,7480201,Công nghệ thông tin,160,15.5,Bộ Giáo Dục Và Đào Tạo
DNT,Trường Đại học Ngoại ngữ - Tin học TP.HCM,"155 Sư Vạn Hạnh (nối dài), phường 13, quận 10, TP. Hồ Chí Minh",(028) 38 629 232,huflit.edu.vn,TP. Hồ Chí Minh,7480201,Công nghệ thông tin,330,18.25,Bộ Giáo Dục Và Đào Tạo
DNV,Trường Đại học Nội vụ Hà Nội,"36 Xuân La, phường Xuân La, quận Tâu Hồ, Hà Nội",024 37533659,truongnoivu.edu.vn,Hà Nội,7480104,Hệ thống thông tin,120,14.5,Bộ Nội Vụ
DNV,Trường Đại học Nội vụ Hà Nội,"36 Xuân La, phường Xuân La, quận Tâu Hồ, Hà Nội",024 37533659,truongnoivu.edu.vn,Hà Nội,7480104D,Hệ thống thông tin,80,15,Bộ Nội Vụ
DPC,Trường Đại học Phan Châu Trinh,"02 Trần Hưng Đạo, Hội An, Quảng Nam",02353 919444,www.pctu.edu.vn,Quảng Nam,7480201,Công nghệ thông tin,60,15,Bộ Giáo Dục Và Đào Tạo
DPD,Trường Đại học Dân lập Phương Đông,"171 Trung Kính, quận Cầu Giấy, Hà Nội",024-3784-8513,phuongdong.edu.vn,Hà Nội,7480201,Công nghệ thông tin,180,14,Bộ Giáo Dục Và Đào Tạo
DPQ,Trường Đại học Phạm Văn Đồng,"509 Phan Đình Phùng (Phường Chánh Lộ), Thành phố Quảng Ngãi, Quảng Ngãi",0255-2240902,pdu.edu.vn,Quảng Ngãi,7480201,Công nghệ thông tin,120,14,UBND Tỉnh Quảng Ngãi
DPT,Trường Đại học Phan Thiết,"225 Nguyễn Thông, Phú Hài, Phan Thiết, Bình Thuận",(0252) 246 1372,upt.edu.vn,Bình Thuận,7480201,Công nghệ thông tin,75,14,Bộ Giáo Dục Và Đào Tạo
DPX,Trường Đại học Dân lập Phú Xuân,"28 Nguyễn Tri Phương, Phú Hội, Thành phố Huế, Thừa Thiên Huế",0234-3845885,phuxuanuni.edu.vn,Thừa Thiên Huế,7480201,Công nghệ thông tin,40,15.5,Bộ Giáo Dục Và Đào Tạo
DPY,Trường Đại học Phú Yên,"18 Trần Phú, Phường 7, Thành phố Tuy Hòa, Phú Yên",0257 3843 025,www.pyu.edu.vn,Phú Yên,7480201,Công nghệ thông tin,75,0,UBND Tỉnh Phú Yên
DQB,Trường Đại học Quảng Bình,"312 Lý Thường Kiệt, Đồng Phú, Đồng Hới, Quảng Bình",232.382201,quangbinhuni.edu.vn,Quảng Bình,7480201,Công nghệ thông tin,50,14,UBND Tỉnh Quảng Bình
DQB,Trường Đại học Quảng Bình,"312 Lý Thường Kiệt, Đồng Phú, Đồng Hới, Quảng Bình",232.382201,quangbinhuni.edu.vn,Quảng Bình,7480103,Kỹ thuật phần mềm,50,14,UBND Tỉnh Quảng Bình
DQH,Học viên Kỹ thuật Quân sự (hệ Dân sự),"236 Hoàng Quốc Việt, Cổ Nhuế, Bắc Từ Liêm, Hà Nội",69698262,mta.edu.vn,Hà Nội,7480201,Công nghệ thông tin,70,21.7,Bộ Quốc Phòng
DQH,Học viên Kỹ thuật Quân sự (hệ Dân sự),"236 Hoàng Quốc Việt, Cổ Nhuế, Bắc Từ Liêm, Hà Nội",69698262,mta.edu.vn,Hà Nội,7480101,Khoa học máy tính,50,20,Bộ Quốc Phòng
DQK,Trường Đại học Kinh doanh và Công nghệ Hà Nội,"Số 29A, Ngõ 124, Phố Vĩnh Tuy, Phường Vĩnh Tuy, Q. Hai Bà Trưng, Hà Nội",24.36336507,www.hubt.edu.vn,Hà Nội,7480201,Công nghệ thông tin,600,15,Bộ Giáo Dục Và Đào Tạo
DQN,Trường Đại học Quy Nhơn,"170 An Dương Vương, Nguyễn Văn Cừ, Thành phố Qui Nhơn, Bình Định",(84-256) 3846156,www.qnu.edu.vn,Bình Định,7480201,Công nghệ thông tin,200,18,Bộ Giáo Dục Và Đào Tạo
DQN,Trường Đại học Quy Nhơn,"170 An Dương Vương, Nguyễn Văn Cừ, Thành phố Qui Nhơn, Bình Định",(84-256) 3846156,www.qnu.edu.vn,Bình Định,7480103,Kỹ thuật phần mềm,150,18,Bộ Giáo Dục Và Đào Tạo
DQT,Trường Đại học Quang Trung,"Đường Đào Tấn, Khu vực 4-5, Phường Nhơn Phú, Thành Phố Quy Nhơn, Bình Định",0256 3648389,www.qtu.edu.vn,Bình Định,7480201,Công nghệ thông tin,150,13,Bộ Giáo Dục Và Đào Tạo
DQU,Trường Đại học Quảng Nam,"102 Hùng Vương, thành phố Tam Kỳ, Quảng Nam",235.3812834,qnamuni.edu.vn,Quảng Nam,7480201,Công nghệ thông tin,200,13,UBND Tỉnh Quảng Nam
DSG,Trường Đại học Công nghệ Sài Gòn,"180 Đường Cao Lỗ, Phường 4, Quận 8, TP. Hồ Chí Minh",028 3850 5520,www.stu.edu.vn,TP. Hồ Chí Minh,7480201,Công nghệ thông tin,300,16.5,Bộ Giáo Dục Và Đào Tạo
DSK,Trường Đại học Sư phạm Kỹ thuật - Đại học Đà Nẵng,"48 Cao Thắng, Quận Hải Châu, Đà Nẵng",(0236) 3822 571,www.ute.udn.vn,Đà Nẵng,7480201,Công nghệ thông tin,145,17.5,Bộ Giáo Dục Và Đào Tạo
DTA,Trường Đại học Thành Tây,"Phường Yên Nghĩa, Quận Hà Đông, TP. Hà Nội",2402180336,thanhtay.edu.vn,TP. Hà Nội,7480101,Khoa học máy tính,40,13,Bộ Giáo Dục Và Đào Tạo
DTC,Trường Đại học Công nghệ Thông tin và Truyền thông - Đại học Thái Nguyên,"Đường Z115, Quyết Thắng, TP Thái Nguyên",208.3846237,www.ictu.edu.vn,TP Thái Nguyên,7480101,Khoa học máy tính,50,13,Đại Học Thái Nguyên
DTC,Trường Đại học Công nghệ Thông tin và Truyền thông - Đại học Thái Nguyên,"Đường Z115, Quyết Thắng, TP Thái Nguyên",208.3846237,www.ictu.edu.vn,TP Thái Nguyên,7480102,Mạng máy tính và truyền thông dữ liệu,60,13,Đại Học Thái Nguyên
DTC,Trường Đại học Công nghệ Thông tin và Truyền thông - Đại học Thái Nguyên,"Đường Z115, Quyết Thắng, TP Thái Nguyên",208.3846237,www.ictu.edu.vn,TP Thái Nguyên,7480103,Kỹ thuật phần mềm,150,13,Đại Học Thái Nguyên
DTC,Trường Đại học Công nghệ Thông tin và Truyền thông - Đại học Thái Nguyên,"Đường Z115, Quyết Thắng, TP Thái Nguyên",208.3846237,www.ictu.edu.vn,TP Thái Nguyên,7480104,Hệ thống thông tin,50,13,Đại Học Thái Nguyên
DTC,Trường Đại học Công nghệ Thông tin và Truyền thông - Đại học Thái Nguyên,"Đường Z115, Quyết Thắng, TP Thái Nguyên",208.3846237,www.ictu.edu.vn,TP Thái Nguyên,7480108,Công nghệ kỹ thuật máy tính,60,13,Đại Học Thái Nguyên
DTC,Trường Đại học Công nghệ Thông tin và Truyền thông - Đại học Thái Nguyên,"Đường Z115, Quyết Thắng, TP Thái Nguyên",208.3846237,www.ictu.edu.vn,TP Thái Nguyên,7480201,Công nghệ thông tin,260,14,Đại Học Thái Nguyên
DTC,Trường Đại học Công nghệ Thông tin và Truyền thông - Đại học Thái Nguyên,"Đường Z115, Quyết Thắng, TP Thái Nguyên",208.3846237,www.ictu.edu.vn,TP Thái Nguyên,7480202,An toàn thông tin,60,13,Đại Học Thái Nguyên
DTD,Trường Đại học Tây Đô,"Số 68, Đường Trần Chiên, Khu vực Thạnh Mỹ, Phường Lê Bình, Quận Cái Răng, Cần Thơ",(0292) 3740768,www.tdu.edu.vn,Cần Thơ,7480201,Công nghệ thông tin,100,14,Bộ Giáo Dục Và Đào Tạo
DTH,Trường Đại học Hoa Sen,"Số 8 Nguyễn Văn Tráng, Phường Bến Thành, Quận 1, TP. Hồ Chí Minh",(028) 73091991,www.hoasen.edu.vn,TP. Hồ Chí Minh,7480102,Mạng máy tính và truyền thông dữ liệu,60,14,Bộ Giáo Dục Và Đào Tạo
DTH,Trường Đại học Hoa Sen,"Số 8 Nguyễn Văn Tráng, Phường Bến Thành, Quận 1, TP. Hồ Chí Minh",(028) 73091991,www.hoasen.edu.vn,TP. Hồ Chí Minh,7480201,Công nghệ thông tin,200,16.5,Bộ Giáo Dục Và Đào Tạo
DTK,Trường Đại học Kỹ thuật Công nghiệp - Đại học Thái Nguyên,"Số 666 Đường 3-2, P.Tích Lương, Thái Nguyên",2083847145,tnut.edu.vn,Thái Nguyên,7480106,Kĩ thuật máy tính ,51,15.5,Bộ Giáo Dục Và Đào Tạo
DTL,Trường Đại học Thăng Long,"Phường Đại Kim, quận Hoàng Mai, Hà Nội",243.8587346,www.thanglong.edu.vn,Hà Nội,7480101,Khoa học máy tính,120,15,Bộ Giáo Dục Và Đào Tạo
DTL,Trường Đại học Thăng Long,"Phường Đại Kim, quận Hoàng Mai, Hà Nội",243.8587346,www.thanglong.edu.vn,Hà Nội,7480102,Mạng máy tính và truyền thông dữ liệu,60,15,Bộ Giáo Dục Và Đào Tạo
DTL,Trường Đại học Thăng Long,"Phường Đại Kim, quận Hoàng Mai, Hà Nội",243.8587346,www.thanglong.edu.vn,Hà Nội,7480104,Hệ thống thông tin,50,15,Bộ Giáo Dục Và Đào Tạo
DTM,Trường Đại học Tài nguyên và Môi Trường tp. Hồ Chí Minh,"236B Lê Văn Sỹ, Phường 1, Quận Tân Bình, TP. Hồ Chí Minh",(028) 3844 3006,hcmunre.edu.vn,TP. Hồ Chí Minh,7480104,Hệ thống thông tin,50,15,Bộ Tài Nguyên Và Môi Trường
DTM,Trường Đại học Tài nguyên và Môi Trường tp. Hồ Chí Minh,"236B Lê Văn Sỹ, Phường 1, Quận Tân Bình, TP. Hồ Chí Minh",(028) 3844 3006,hcmunre.edu.vn,TP. Hồ Chí Minh,7480201,Công nghệ thông tin,100,15.5,Bộ Tài Nguyên Và Môi Trường
DTT,Trường Đại học Tôn Đức Thắng,"Số 19 Nguyễn Hữu Thọ, Tân Hưng, Quận 7, TP. Hồ Chí Minh ",28.37755035,tdtu.edu.vn,TP. Hồ Chí Minh,7480101,Khoa học máy tính,120,19.75,Tổng Liên Đoàn Lao Động Việt Nam
DTT,Trường Đại học Tôn Đức Thắng,"Số 19 Nguyễn Hữu Thọ, Tân Hưng, Quận 7, TP. Hồ Chí Minh ",28.37755035,tdtu.edu.vn,TP. Hồ Chí Minh,7480102,Mạng máy tính và truyền thông dữ liệu,80,19.75,Tổng Liên Đoàn Lao Động Việt Nam
DTT,Trường Đại học Tôn Đức Thắng,"Số 19 Nguyễn Hữu Thọ, Tân Hưng, Quận 7, TP. Hồ Chí Minh ",28.37755035,tdtu.edu.vn,TP. Hồ Chí Minh,7480103,Kỹ thuật phần mềm,80,20.75,Tổng Liên Đoàn Lao Động Việt Nam
DTV,Trường Đại học Lương Thế Vinh,"Phường Lộc Vượng, Nam Định",2283.680042,ltvu.edu.vn,Nam Định,7480201,Công nghệ thông tin,100,15.5,Bộ Giáo Dục Và Đào Tạo
DVB,Trường Đại học Việt bắc,"QL 1B, Đồng Bẩm, Thành phố Thái Nguyên, Thái Nguyên",0208 3755 878,vietbac.edu.vn,Thái Nguyên,7480102,Mạng máy tính và truyền thông dữ liệu,50,14,Bộ Giáo Dục Và Đào Tạo
DVB,Trường Đại học Việt bắc,"QL 1B, Đồng Bẩm, Thành phố Thái Nguyên, Thái Nguyên",0208 3755 878,vietbac.edu.vn,Thái Nguyên,7480201,Công nghệ thông tin,100,14,Bộ Giáo Dục Và Đào Tạo
DVH,Trường Đại học Văn Hiến,"665-667-669 Điện Biên Phủ, Phường 1, Quận 3, TP. Hồ Chí Minh",08 3832 0333,www.vhu.edu.vn,TP. Hồ Chí Minh,7480201,Công nghệ thông tin,80,14.1,Bộ Giáo Dục Và Đào Tạo
DVL,Trường Đại học Văn Lang,"45 Nguyễn Khắc Nhu, Phường Cô Giang, Quận 1, TP. Hồ Chí Minh",(028) 38367933,www.vanlanguni.edu.vn,TP. Hồ Chí Minh,7480103,Kỹ thuật phần mềm,130,15.5,Bộ Giáo Dục Và Đào Tạo
DVL,Trường Đại học Văn Lang,"45 Nguyễn Khắc Nhu, Phường Cô Giang, Quận 1, TP. Hồ Chí Minh",(028) 38367933,www.vanlanguni.edu.vn,TP. Hồ Chí Minh,7480201,Công nghệ thông tin,95,0,Bộ Giáo Dục Và Đào Tạo
DVT,Trường Đại học Trà Vinh,"126, Nguyễn Thiện Thành, Khóm 4, Phường 5, Trà Vinh",0294.3.855.944,www.tvu.edu.vn,Trà Vinh,7480102,Mạng máy tính và truyền thông dữ liệu,100,14,UBND Tỉnh Trà Vinh
DVT,Trường Đại học Trà Vinh,"126, Nguyễn Thiện Thành, Khóm 4, Phường 5, Trà Vinh",0294.3.855.944,www.tvu.edu.vn,Trà Vinh,7480201,Công nghệ thông tin,90,14,UBND Tỉnh Trà Vinh
DVX,Trường Đại học Công nghệ Vạn Xuân,"103 Nguyễn Sinh Cung, Nghi Hương, Cửa Lò, Nghệ An",2383956561,vxut.edu.vn,Nghệ An,7480201,Công nghệ thông tin,60,13,Bộ Giáo Dục Và Đào Tạo
DYD,Trường Đại học Yersin Đà Lạt,"27 Tôn Thất Tùng, Phường 8, Thành phố Đà Lạt, Lâm Đồng",02633 552 111,yersin.edu.vn,Lâm Đồng,7480201,Công nghệ thông tin,45,15.5,Bộ Giáo Dục Và Đào Tạo
EIU,Trường Đại học Quốc tế miền Đông,"Đường Nam Kỳ Khởi Nghĩa, Phường Hòa Phú, Thành phố Thủ Dầu Một, Bình Dương",0274 - 2220342,www.eiu.edu.vn,Bình Dương,7480102,Mạng máy tính và truyền thông dữ liệu,80,14.5,Bộ Giáo Dục Và Đào Tạo
EIU,Trường Đại học Quốc tế miền Đông,"Đường Nam Kỳ Khởi Nghĩa, Phường Hòa Phú, Thành phố Thủ Dầu Một, Bình Dương",0274 - 2220342,www.eiu.edu.vn,Bình Dương,7480103,Kỹ thuật phần mềm,80,14.5,Bộ Giáo Dục Và Đào Tạo
ETU,Trường Đại học Hòa Bình,"Số 8 phố Bùi Xuân Phái, Mỹ Đình 2, Nam Từ Liêm, Hà Nội",0247 1099 669,www.daihochoabinh.edu.vn,Hà Nội,7480201,Công nghệ thông tin,40,15.5,Bộ Giáo Dục Và Đào Tạo
ETU,Trường Đại học Hòa Bình,"Số 8 phố Bùi Xuân Phái, Mỹ Đình 2, Nam Từ Liêm, Hà Nội",0247 1099 669,www.daihochoabinh.edu.vn,Hà Nội,7480299,Công nghệ đa phương tiện,30,15.5,Bộ Giáo Dục Và Đào Tạo
DCG,Trường Đại học Tư thục Công nghệ Thông tin Gia Định,"A15-19 Nguyễn Hữu Thọ, Phường Tân Phong, Quận 7, TP. Hồ Chí Minh",08.6262.2980,www.giadinh.edu.vn,TP. Hồ Chí Minh,7480103,Kỹ thuật phần mềm,100,13,Bộ Giáo Dục Và Đào Tạo
GUST,Học viện Khoa học và Công nghệ,"Số 18 đường Hoàng Quốc Việt, Cầu Giấy, Hà Nội",0243.791.9977,http://gust.edu.vn/vn,Hà Nội,7480104,Hệ thống thông tin,0,0,Viện Hàn Lâm Khoa Học Và Công Nghệ Việt Nam
FBU,Trường Đại học Tài chính - Ngân hàng Hà Nội,"136 Phạm Văn Đồng, Xuân Đỉnh, Bắc Từ Liêm, Hà Nội",024. 3793 1340,fbu.edu.vn,Hà Nội,7480201,Công nghệ thông tin,50,15.5,Bộ Giáo Dục Và Đào Tạo
FPT,Trường Đại học Fpt,"Khu Giáo dục và Đào tạo - Khu Công nghệ cao Hòa Lạc - Km29 Đại lộ Thăng Long, Thạch Thất, TP. Hà Nội",(024) 73001866,daihoc.fpt.edu.vn,Hà Nội,7480101,Khoa học máy tính,0,0,Bộ Giáo Dục Và Đào Tạo
FPT,Trường Đại học Fpt,"Khu Giáo dục và Đào tạo - Khu Công nghệ cao Hòa Lạc - Km29 Đại lộ Thăng Long, Thạch Thất, TP. Hà Nội",(024) 73001866,daihoc.fpt.edu.vn,Hà Nội,7480103,Kỹ thuật phần mềm,0,0,Bộ Giáo Dục Và Đào Tạo
FPT,Trường Đại học Fpt,"Khu Giáo dục và Đào tạo - Khu Công nghệ cao Hòa Lạc - Km29 Đại lộ Thăng Long, Thạch Thất, TP. Hà Nội",(024) 73001866,daihoc.fpt.edu.vn,Hà Nội,7480202,An toàn thông tin,0,0,Bộ Giáo Dục Và Đào Tạo
GTA,Trường Đại học Công nghệ Giao thông Vận tải,"54 Triều Khúc, Thanh Xuân, Tp. Hà Nội",2435526713,utt.edu.vn,Hà Nội,7480102,Mạng máy tính và truyền thông dữ liệu,240,15.5,Bộ Giao Thông Vận Tải
GTA,Trường Đại học Công nghệ Giao thông Vận tải,"54 Triều Khúc, Thanh Xuân, Tp. Hà Nội",2435526713,utt.edu.vn,Hà Nội,7480104,Hệ thống thông tin,640,16,Bộ Giao Thông Vận Tải
GTA,Trường Đại học Công nghệ Giao thông Vận tải,"54 Triều Khúc, Thanh Xuân, Tp. Hà Nội",2435526713,utt.edu.vn,Hà Nội,7480104TN,Hệ thống thông tin,120,16,Bộ Giao Thông Vận Tải
GTA,Trường Đại học Công nghệ Giao thông Vận tải,"54 Triều Khúc, Thanh Xuân, Tp. Hà Nội",2435526713,utt.edu.vn,Hà Nội,7480104VP,Hệ thống thông tin,120,16,Bộ Giao Thông Vận Tải
GTA,Trường Đại học Công nghệ Giao thông Vận tải,"54 Triều Khúc, Thanh Xuân, Tp. Hà Nội",2435526713,utt.edu.vn,Hà Nội,7480201,Công nghệ thông tin,320,17,Bộ Giao Thông Vận Tải
GTS,Trường Đại học Giao thông Vận tải tp. Hồ Chí Minh,"Số 2, đường D3, Phường 25, Q. Bình Thạnh, TP. Hồ Chí Minh",028 35106171,www.ut.edu.vn,TP. Hồ Chí Minh,7480102,Mạng máy tính và truyền thông dữ liệu,60,17.5,Bộ Giao Thông Vận Tải
GTS,Trường Đại học Giao thông Vận tải tp. Hồ Chí Minh,"Số 2, đường D3, Phường 25, Q. Bình Thạnh, TP. Hồ Chí Minh",028 35106171,www.ut.edu.vn,TP. Hồ Chí Minh,7480201,Công nghệ thông tin,100,19.5,Bộ Giao Thông Vận Tải
HDT,Trường Đại học Hồng Đức,"Số 565 Quang Trung 3, Phường Đông Vệ, Thanh Hóa",(0237).3910.222,www.hdu.edu.vn,Thanh Hóa,7480201,Công nghệ thông tin,70,13,UBND Tỉnh Thanh Hóa
HHA,Trường Đại học Hàng hải Việt Nam,"484 Lạch Tray, Đổng Quốc Bình, Lê Chân, Hải Phòng",225.3735138,vimaru.edu.vn,Hải Phòng,7480201D114,Công nghệ thông tin,100,18.5,Bộ Giao Thông Vận Tải
HHA,Trường Đại học Hàng hải Việt Nam,"484 Lạch Tray, Đổng Quốc Bình, Lê Chân, Hải Phòng",225.3735138,vimaru.edu.vn,Hải Phòng,7480201D118,Công nghệ phần mềm,45,17,Bộ Giao Thông Vận Tải
HHA,Trường Đại học Hàng hải Việt Nam,"484 Lạch Tray, Đổng Quốc Bình, Lê Chân, Hải Phòng",225.3735138,vimaru.edu.vn,Hải Phòng,7480201D119,Kỹ thuật thuyền thông và mạng máy tính,45,15.5,Bộ Giao Thông Vận Tải
HHA,Trường Đại học Hàng hải Việt Nam,"484 Lạch Tray, Đổng Quốc Bình, Lê Chân, Hải Phòng",225.3735138,vimaru.edu.vn,Hải Phòng,7480201H114,Công nghệ thông tin (CLC),60,14,Bộ Giao Thông Vận Tải
HHT,Trường Đại học Hà Tĩnh,"447 Đường 26/3, Phường Đại Nài, Thành phố Hà Tĩnh, Hà Tĩnh",2393885376,htu.edu.vn,Hà Tĩnh,7480201,Công nghệ thông tin,80,13.5,UBND Tỉnh Hà Tĩnh
HIU,Trường Đại học Quốc tế Hồng Bàng,"215 Điện Biên Phủ, Phường 15, Quận Bình Thạnh, TP. HCM",2873083456,www.hiu.vn,TP. Hồ Chí Minh,7480201,Công nghệ thông tin,100,14,Bộ Giáo Dục Và Đào Tạo
HLU,Trường Đại học Hạ Long,"Số 258, Đường Bạch Đằng, P. Nam Khê, TP Uông Bí, Tỉnh Quảng Ninh",0203.3850.304,daihochalong.edu.vn,Tỉnh Quảng Ninh,7480101,Khoa học máy tính,50,14,UBND Tỉnh Quảng Ninh
HNM,Trường Đại học Thủ đô Hà Nội,"Số 98 Dương Quảng Hàm, Quan Hoa, Cầu Giấy, Hà Nội",2438333231,www.daihocthudo.edu.vn,Hà Nội,7480201,Công nghệ thông tin,40,23.93,UBND TP. Hà Nội
HUI,Trường Đại học Công nghiệp tp. Hồ Chí Minh,"Số 12 Nguyễn Văn Bảo, Phường 4, Quận Gò Vấp, Tp.Hồ Chí Minh",(028) 38955858,www.hui.edu.vn,TP. Hồ Chí Minh,7480103C,Kỹ thuật phần mềm (CLC),120,16,Bộ Công Thương
HUI,Trường Đại học Công nghiệp tp. Hồ Chí Minh,"Số 12 Nguyễn Văn Bảo, Phường 4, Quận Gò Vấp, Tp.Hồ Chí Minh",(028) 38955858,www.hui.edu.vn,TP. Hồ Chí Minh,7480108,Công nghệ kỹ thuật máy tính,70,16,Bộ Công Thương
HUI,Trường Đại học Công nghiệp tp. Hồ Chí Minh,"Số 12 Nguyễn Văn Bảo, Phường 4, Quận Gò Vấp, Tp.Hồ Chí Minh",(028) 38955858,www.hui.edu.vn,TP. Hồ Chí Minh,7480201,Công nghệ thông tin,250,18.75,Bộ Công Thương
HVN,Học viện Nông nghiệp Việt Nam,"Trâu Quỳ, Gia Lâm, Hà Nội",02462 617 586,www.vnua.edu.vn,Hà Nội,7480201,Công nghệ thông tin,105,17,Bộ Nông Nghiệp Và Phát Triển Nông Thôn
HVN,Học viện Nông nghiệp Việt Nam,"Trâu Quỳ, Gia Lâm, Hà Nội",02462 617 586,www.vnua.edu.vn,Hà Nội,7480201P,Công nghệ thông tin (POHE),50,17,Bộ Nông Nghiệp Và Phát Triển Nông Thôn
HVQ,Học viện Quản lý Giáo dục,"Số 31 phố Phan Đình Giót, phường Phương Liệt, quận Thanh Xuân, Hà Nội.",2436648719,naem.edu.vn,Hà Nội,7480201,Công nghệ thông tin,200,16,Bộ Giáo Dục Và Đào Tạo
KCC,Trường Đại học Kỹ thuật - Công nghệ Cần Thơ,"256 Nguyễn Văn Cừ, P. An Hòa, Q. Ninh Kiều, TP. Cần Thơ",2923.898167,www.ctuet.edu.vn,Cần Thơ,7480101,Khoa học máy tính,50,14.5,Bộ Giáo Dục Và Đào Tạo
KCC,Trường Đại học Kỹ thuật - Công nghệ Cần Thơ,"256 Nguyễn Văn Cừ, P. An Hòa, Q. Ninh Kiều, TP. Cần Thơ",2923.898167,www.ctuet.edu.vn,Cần Thơ,7480104,Hệ thống thông tin,70,14.25,Bộ Giáo Dục Và Đào Tạo
KCC,Trường Đại học Kỹ thuật - Công nghệ Cần Thơ,"256 Nguyễn Văn Cừ, P. An Hòa, Q. Ninh Kiều, TP. Cần Thơ",2923.898167,www.ctuet.edu.vn,Cần Thơ,7480103,Kỹ thuật phần mềm,70,16,Bộ Giáo Dục Và Đào Tạo
KCN,Trường Đại học Khoa học và Công nghệ Hà Nội,"Tòa nhà A21, Số 18 Hoàng Quốc Việt, P. Nghĩa Đô, Q. Cầu Giấy, Hà Nội",(0888) 55 77 48,usth.edu.vn,Hà Nội,7480201,Công nghệ thông tin,120,18,Viện Hàn Lâm Khoa Học Và Công Nghệ Việt Nam
KCN,Trường Đại học Khoa học và Công nghệ Hà Nội,"Tòa nhà A21, Số 18 Hoàng Quốc Việt, P. Nghĩa Đô, Q. Cầu Giấy, Hà Nội",(0888) 55 77 48,usth.edu.vn,Hà Nội,7480202,An toàn thông tin,30,17.3,Viện Hàn Lâm Khoa Học Và Công Nghệ Việt Nam
KHA,Trường Đại học Kinh tế Quốc dân,"Số 207 đường Giải Phóng, quận Hai Bà Trưng, Hà Nội",024.3628.0280,neu.edu.vn,Hà Nội,7480101,Khoa học máy tính,60,21.5,Bộ Giáo Dục Và Đào Tạo
KHA,Trường Đại học Kinh tế Quốc dân,"Số 207 đường Giải Phóng, quận Hai Bà Trưng, Hà Nội",024.3628.0280,neu.edu.vn,Hà Nội,7480201,Công nghệ thông tin,120,21.75,Bộ Giáo Dục Và Đào Tạo
KMA,Học viện Kỹ thuật Mật mã,"Số 141 đường Chiến Thắng, Tân Triều, Thanh Trì, Hà nội",2435520251,actvn.edu.vn,Hà Nội,7480202,An toàn thông tin,420,19,Ban Cơ Yếu Chính Phủ
KMA,Học viện Kỹ thuật Mật mã,"Số 141 đường Chiến Thắng, Tân Triều, Thanh Trì, Hà nội",2435520251,actvn.edu.vn,Hà Nội,7480201,Công nghệ thông tin,200,20.15,Ban Cơ Yếu Chính Phủ
KSA,Trường Đại học Kinh tế tp. Hồ Chí Minh,"59C Nguyễn Đình Chiểu, phường 6, quận 3, TP. Hồ Chí Minh",(028) 22 441 993,www.ueh.edu.vn,TP. Hồ Chí Minh,7480103_01,Công nghệ phần mềm,50,19,Bộ Giáo Dục Và Đào Tạo
KTA,Đại học Kiến trúc Hà Nội,"Km 10 đường Nguyễn Trãi, quận Thanh Xuân, TP Hà Nội",024.3854 2391,www.hau.edu.vn,Hà Nội,7480201,Công nghệ thông tin,100,16,Bộ Xây Dựng
KTC,Trường Đại học Kinh tế - Tài chính tp. Hồ Chí Minh,"276 Điện Biên Phủ, phường 17, quận Bình Thạnh, Tp.HCM",028 5422 6666,uef.edu.vn,TP. Hồ Chí Minh,7480201,Công nghệ thông tin,120,18,Bộ Giáo Dục Và Đào Tạo
KTD,Trường Đại học Kiến trúc Đà Nẵng,"Số 566 Núi Thành, Phường Hòa Cường Nam, Quận Hải Châu, Đà Nẵng",236.221003,www.dau.edu.vn,Đà Nẵng,7480201,Công nghệ thông tin,150,15.5,Bộ Giáo Dục Và Đào Tạo
LNH,Trường Đại học Lâm nghiệp (Phía Bắc),"Thị trấn Xuân Mai, Chương Mỹ, Hà Nội",433.840223,www.vnuf.edu.vn,Hà Nội,7480104,Hệ thống thông tin,70,13,Bộ Nông Nghiệp Và Phát Triển Nông Thôn
MBS,Trường Đại học Mở tp. Hồ Chí Minh,"97 Võ Văn Tần, P.6, Q.3, Tp.HCM",028 393 07 696,www.ou.edu.vn,TP. Hồ Chí Minh,7480101,Khoa học máy tính,150,17,Bộ Giáo Dục Và Đào Tạo
MBS,Trường Đại học Mở tp. Hồ Chí Minh,"97 Võ Văn Tần, P.6, Q.3, Tp.HCM",028 393 07 696,www.ou.edu.vn,TP. Hồ Chí Minh,7480201,Công nghệ thông tin,100,18.25,Bộ Giáo Dục Và Đào Tạo
MDA,Trường Đại học Mỏ - Địa chất,"Số 18 Phố Viên, Phường Đức Thắng, Q. Bắc Từ Liêm, Hà Nội",438386214,humg.edu.vn,Hà Nội,7480201,Công nghệ thông tin,580,14,Bộ Giáo Dục Và Đào Tạo
MHN,Viện Đại học Mở Hà Nội,"B101, đường Nguyễn Hiền, quận Hai Bà Trưng, Hà Nội",024 38682321,hou.edu.vn,Hà Nội,7480201,Công nghệ thông tin,330,18.75,Bộ Giáo Dục Và Đào Tạo
NHF,Trường Đại học Hà Nội,"Km 9, Đường Nguyễn Trãi, Quận Thanh Xuân, Hà Nội",(024)38544338,www.hanu.edu.vn,Hà Nội,7480201,Công nghệ thông tin,200,20.6,Bộ Giáo Dục Và Đào Tạo
NLS,Trường Đại học Nông lâm Tp. Hồ Chí Minh,"Khu phố 6, P. Linh Trung, Q. Thủ Đức, TP. Hồ Chí Minh",028.3896.6780,www.nlu.edu.vn,TP. Hồ Chí Minh,7480201,Công nghệ thông tin,210,18.15,Bộ Giáo Dục Và Đào Tạo
NTT,Trường Đại học Nguyễn Tất Thành,"300A Nguyễn Tất Thành P13 Q4, TPHCM",028 6261 9423,ntt.edu.vn,TP. Hồ Chí Minh,7480201,Công nghệ thông tin,250,15.5,Bộ Công Thương
QHI,Trường Đại học Công nghệ - Đại học Quốc gia Hà Nội,"Nhà E3, 144 Xuân Thủy, Cầu Giấy, Hà Nội",024 37 547 865,www.uet.vnu.edu.vn,Hà Nội,7480106,Kỹ thuật máy tính,100,21,Đại Học Quốc Gia Hà Nội
QHI,Trường Đại học Công nghệ - Đại học Quốc gia Hà Nội,"Nhà E3, 144 Xuân Thủy, Cầu Giấy, Hà Nội",024 37 547 865,www.uet.vnu.edu.vn,Hà Nội,7480101,Khoa học máy tính,140,22,Đại Học Quốc Gia Hà Nội
QHI,Trường Đại học Công nghệ - Đại học Quốc gia Hà Nội,"Nhà E3, 144 Xuân Thủy, Cầu Giấy, Hà Nội",024 37 547 865,www.uet.vnu.edu.vn,Hà Nội,7480102,Mạng máy tính và truyền thông dữ liệu,60,23.75,Đại Học Quốc Gia Hà Nội
QHI,Trường Đại học Công nghệ - Đại học Quốc gia Hà Nội,"Nhà E3, 144 Xuân Thủy, Cầu Giấy, Hà Nội",024 37 547 865,www.uet.vnu.edu.vn,Hà Nội,7480104,Hệ thống thông tin,60,23.75,Đại Học Quốc Gia Hà Nội
QHI,Trường Đại học Công nghệ - Đại học Quốc gia Hà Nội,"Nhà E3, 144 Xuân Thủy, Cầu Giấy, Hà Nội",024 37 547 865,www.uet.vnu.edu.vn,Hà Nội,7480201,Công nghệ thông tin,240,23.75,Đại Học Quốc Gia Hà Nội
QHI,Trường Đại học Công nghệ - Đại học Quốc gia Hà Nội,"Nhà E3, 144 Xuân Thủy, Cầu Giấy, Hà Nội",024 37 547 865,www.uet.vnu.edu.vn,Hà Nội,7480201NB,Công nghệ thông tin định hướng thị trường Nhật Bản,60,23.75,Đại Học Quốc Gia Hà Nội
QHQ,Khoa Quốc tế - Đại học Quốc gia Hà Nội,"144 Xuân Thủy, Cầu Giấy, Hà Nội",2435575992,www.is.vnu.edu.vn,Hà Nội,7480111,Tin học và kỹ thuật máy tính,40,15,Đại Học Quốc Gia Hà Nội
QHT,Trường Đại học Khoa học Tự nhiên - Đại học Quốc gia Hà Nội,"334 đường Nguyễn Trãi, Quận Thanh Xuân, Hà Nội",024 35579076,hus.vnu.edu.vn,Hà Nội,7480110CLC,Máy tính và khoa học thông tin,50,18.45,Đại Học Quốc Gia Hà Nội
QHT,Trường Đại học Khoa học Tự nhiên - Đại học Quốc gia Hà Nội,"334 đường Nguyễn Trãi, Quận Thanh Xuân, Hà Nội",024 35579076,hus.vnu.edu.vn,Hà Nội,7480110QTD,Máy tính và khoa học thông tin,70,20.15,Đại Học Quốc Gia Hà Nội
QSC,Trường Đại học Công nghệ Thông tin - Đại học Quốc gia TP.HCM,"Khu phố 6, Phường Linh Trung, Quận Thủ Đức, Thành phố Hồ Chí Minh",(028) 372 52002,www.uit.edu.vn,TP. Hồ Chí Minh,7480101,Khoa học máy tính,90,22.4,Đại Học Quốc Gia TP. Hồ Chí Minh
QSC,Trường Đại học Công nghệ Thông tin - Đại học Quốc gia TP.HCM,"Khu phố 6, Phường Linh Trung, Quận Thủ Đức, Thành phố Hồ Chí Minh",(028) 372 52002,www.uit.edu.vn,TP. Hồ Chí Minh,7480101_CLCA,Khoa học máy tính (CLC),90,20.25,Đại Học Quốc Gia TP. Hồ Chí Minh
QSC,Trường Đại học Công nghệ Thông tin - Đại học Quốc gia TP.HCM,"Khu phố 6, Phường Linh Trung, Quận Thủ Đức, Thành phố Hồ Chí Minh",(028) 372 52002,www.uit.edu.vn,TP. Hồ Chí Minh,7480102,Mạng máy tính và truyền thông dữ liệu,80,21.2,Đại Học Quốc Gia TP. Hồ Chí Minh
QSC,Trường Đại học Công nghệ Thông tin - Đại học Quốc gia TP.HCM,"Khu phố 6, Phường Linh Trung, Quận Thủ Đức, Thành phố Hồ Chí Minh",(028) 372 52002,www.uit.edu.vn,TP. Hồ Chí Minh,7480102_CLCA,Mạng máy tính và truyền thông dữ liệu (CLC),50,18.6,Đại Học Quốc Gia TP. Hồ Chí Minh
QSC,Trường Đại học Công nghệ Thông tin - Đại học Quốc gia TP.HCM,"Khu phố 6, Phường Linh Trung, Quận Thủ Đức, Thành phố Hồ Chí Minh",(028) 372 52002,www.uit.edu.vn,TP. Hồ Chí Minh,7480103,Kỹ thuật phần mềm,100,23.2,Đại Học Quốc Gia TP. Hồ Chí Minh
QSC,Trường Đại học Công nghệ Thông tin - Đại học Quốc gia TP.HCM,"Khu phố 6, Phường Linh Trung, Quận Thủ Đức, Thành phố Hồ Chí Minh",(028) 372 52002,www.uit.edu.vn,TP. Hồ Chí Minh,7480103_CLCA,Kỹ thuật phần mềm (CLC),100,21.5,Đại Học Quốc Gia TP. Hồ Chí Minh
QSC,Trường Đại học Công nghệ Thông tin - Đại học Quốc gia TP.HCM,"Khu phố 6, Phường Linh Trung, Quận Thủ Đức, Thành phố Hồ Chí Minh",(028) 372 52002,www.uit.edu.vn,TP. Hồ Chí Minh,7480104,Hệ thống thông tin,60,21.1,Đại Học Quốc Gia TP. Hồ Chí Minh
QSC,Trường Đại học Công nghệ Thông tin - Đại học Quốc gia TP.HCM,"Khu phố 6, Phường Linh Trung, Quận Thủ Đức, Thành phố Hồ Chí Minh",(028) 372 52002,www.uit.edu.vn,TP. Hồ Chí Minh,7480104_CLCA,Hệ thống thông tin (CLC),50,19,Đại Học Quốc Gia TP. Hồ Chí Minh
QSC,Trường Đại học Công nghệ Thông tin - Đại học Quốc gia TP.HCM,"Khu phố 6, Phường Linh Trung, Quận Thủ Đức, Thành phố Hồ Chí Minh",(028) 372 52002,www.uit.edu.vn,TP. Hồ Chí Minh,7480104_TT,Hệ thống thông tin (tiên tiến),40,17,Đại Học Quốc Gia TP. Hồ Chí Minh
QSC,Trường Đại học Công nghệ Thông tin - Đại học Quốc gia TP.HCM,"Khu phố 6, Phường Linh Trung, Quận Thủ Đức, Thành phố Hồ Chí Minh",(028) 372 52002,www.uit.edu.vn,TP. Hồ Chí Minh,7480106,Kỹ thuật máy tính,70,21.7,Đại Học Quốc Gia TP. Hồ Chí Minh
QSC,Trường Đại học Công nghệ Thông tin - Đại học Quốc gia TP.HCM,"Khu phố 6, Phường Linh Trung, Quận Thủ Đức, Thành phố Hồ Chí Minh",(028) 372 52002,www.uit.edu.vn,TP. Hồ Chí Minh,7480106_CLCA,Kỹ thuật máy tính (CLC),80,18.4,Đại Học Quốc Gia TP. Hồ Chí Minh
QSC,Trường Đại học Công nghệ Thông tin - Đại học Quốc gia TP.HCM,"Khu phố 6, Phường Linh Trung, Quận Thủ Đức, Thành phố Hồ Chí Minh",(028) 372 52002,www.uit.edu.vn,TP. Hồ Chí Minh,7480201,Công nghệ thông tin,140,22.5,Đại Học Quốc Gia TP. Hồ Chí Minh
QSC,Trường Đại học Công nghệ Thông tin - Đại học Quốc gia TP.HCM,"Khu phố 6, Phường Linh Trung, Quận Thủ Đức, Thành phố Hồ Chí Minh",(028) 372 52002,www.uit.edu.vn,TP. Hồ Chí Minh,7480201_BT,Công nghệ thông tin,70,20.5,Đại Học Quốc Gia TP. Hồ Chí Minh
QSC,Trường Đại học Công nghệ Thông tin - Đại học Quốc gia TP.HCM,"Khu phố 6, Phường Linh Trung, Quận Thủ Đức, Thành phố Hồ Chí Minh",(028) 372 52002,www.uit.edu.vn,TP. Hồ Chí Minh,7480201_CLCN,Công nghệ thông tin (CLC định hướng Nhật Bản),50,19,Đại Học Quốc Gia TP. Hồ Chí Minh
QSC,Trường Đại học Công nghệ Thông tin - Đại học Quốc gia TP.HCM,"Khu phố 6, Phường Linh Trung, Quận Thủ Đức, Thành phố Hồ Chí Minh",(028) 372 52002,www.uit.edu.vn,TP. Hồ Chí Minh,7480201_KHDL,Công nghệ thông tin (Khoa học dữ liệu),50,20.6,Đại Học Quốc Gia TP. Hồ Chí Minh
QSC,Trường Đại học Công nghệ Thông tin - Đại học Quốc gia TP.HCM,"Khu phố 6, Phường Linh Trung, Quận Thủ Đức, Thành phố Hồ Chí Minh",(028) 372 52002,www.uit.edu.vn,TP. Hồ Chí Minh,7480202,An toàn thông tin,70,22.25,Đại Học Quốc Gia TP. Hồ Chí Minh
QSC,Trường Đại học Công nghệ Thông tin - Đại học Quốc gia TP.HCM,"Khu phố 6, Phường Linh Trung, Quận Thủ Đức, Thành phố Hồ Chí Minh",(028) 372 52002,www.uit.edu.vn,TP. Hồ Chí Minh,7480202_CLCA,An toàn thông tin (CLC),50,20.1,Đại Học Quốc Gia TP. Hồ Chí Minh
QSQ,Trường Đại học Quốc tế - Đại học Quốc gia TP.HCM,"Khu phố 6, P.Linh Trung, Q. Thủ Đức, TP.HCM",(028) 37244270,www.hcmiu.edu.vn,TP. Hồ Chí Minh,7480201,Công nghệ thông tin,120,19,Đại Học Quốc Gia TP. Hồ Chí Minh
QSQ,Trường Đại học Quốc tế - Đại học Quốc gia TP.HCM,"Khu phố 6, P.Linh Trung, Q. Thủ Đức, TP.HCM",(028) 37244270,www.hcmiu.edu.vn,TP. Hồ Chí Minh,7489001,Khoa học dữ liệu,40,17,Đại Học Quốc Gia TP. Hồ Chí Minh
QST,Trường Đại học Khoa học Tự nhiên - Đại học Quốc gia TP.HCM,"227 Đường Nguyễn Văn Cừ, Phường 4, Quận 5, Hồ Chí Minh",0971.522.917,tuyensinh.hcmus.edu.vn,TP. Hồ Chí Minh,7480201,Công nghệ thông tin,550,22.75,Đại Học Quốc Gia TP. Hồ Chí Minh
QST,Trường Đại học Khoa học Tự nhiên - Đại học Quốc gia TP.HCM,"227 Đường Nguyễn Văn Cừ, Phường 4, Quận 5, Hồ Chí Minh",0971.522.917,tuyensinh.hcmus.edu.vn,TP. Hồ Chí Minh,7480201_CLC,Công nghệ thông tin (CLC),100,21.2,Đại Học Quốc Gia TP. Hồ Chí Minh
QST,Trường Đại học Khoa học Tự nhiên - Đại học Quốc gia TP.HCM,"227 Đường Nguyễn Văn Cừ, Phường 4, Quận 5, Hồ Chí Minh",0971.522.917,tuyensinh.hcmus.edu.vn,TP. Hồ Chí Minh,7480201_TT,Công nghệ thông tin (tiên tiến),60,21.4,Đại Học Quốc Gia TP. Hồ Chí Minh
QST,Trường Đại học Khoa học Tự nhiên - Đại học Quốc gia TP.HCM,"227 Đường Nguyễn Văn Cừ, Phường 4, Quận 5, Hồ Chí Minh",0971.522.917,tuyensinh.hcmus.edu.vn,TP. Hồ Chí Minh,7480201_VP,Công nghệ thông tin (liên kết Việt – Pháp),40,20.1,Đại Học Quốc Gia TP. Hồ Chí Minh
SDU,Trường Đại học Sao Đỏ,"Số 24, Phố Thái Học 2, Phường Sao Đỏ, Thị xã Chí Linh, Hải Dương",2203882269,saodo.edu.vn,Hải Dương,7480201,Công nghệ thông tin,80,14,Bộ Công Thương
SGD,Trường Đại học Sài Gòn,"273 An Dương Vương, Phường 3, Quận 5, TP. Hồ Chí Minh",(028) 38352309,www.sgu.edu.vn,TP. Hồ Chí Minh,7480103,Kỹ thuật phần mềm,50,16.54,UBND TP. Hồ Chí Minh
SGD,Trường Đại học Sài Gòn,"273 An Dương Vương, Phường 3, Quận 5, TP. Hồ Chí Minh",(028) 38352309,www.sgu.edu.vn,TP. Hồ Chí Minh,7480201,Công nghệ thông tin,350,18.29,UBND TP. Hồ Chí Minh
SGD,Trường Đại học Sài Gòn,"273 An Dương Vương, Phường 3, Quận 5, TP. Hồ Chí Minh",(028) 38352309,www.sgu.edu.vn,TP. Hồ Chí Minh,7480201CLC,Công nghệ thông tin (CLC),60,16.53,UBND TP. Hồ Chí Minh
SKH,Trường Đại học Sư phạm Kỹ thuật Hưng Yên,"Xã Dân Tiến, huyện Khoái Châu, Hưng Yên",2213713028,tuyensinh.utehy.edu.vn,Hưng Yên,7480201,Công nghệ thông tin,250,15,Bộ Giáo Dục Và Đào Tạo
SKN,Trường Đại học Sư phạm Kỹ thuật Nam Định,"Đường Phù Nghĩa, Phường Lộc H, Thành Phố Nam Định",(0228)3645194,www.nute.edu.vn,Nam Định,7480101,Khoa học máy tính,20,18,Bộ Lao Động Thương Binh Và Xã Hội
SKN,Trường Đại học Sư phạm Kỹ thuật Nam Định,"Đường Phù Nghĩa, Phường Lộc H, Thành Phố Nam Định",(0228)3645194,www.nute.edu.vn,Nam Định,7480201,Công nghệ thông tin,150,18,Bộ Lao Động Thương Binh Và Xã Hội
SKV,Trường Đại học Sư phạm Kỹ thuật Vinh,"Số 117 Đường Nguyễn Viết Xuân, Phường Hưng Dũng, TP. Vinh,  Nghệ An",02383.833.002,vuted.edu.vn,Nghệ An,7480108,Công nghệ kỹ thuật máy tính,45,13.5,Bộ Lao Động Thương Binh Và Xã Hội
SKV,Trường Đại học Sư phạm Kỹ thuật Vinh,"Số 117 Đường Nguyễn Viết Xuân, Phường Hưng Dũng, TP. Vinh,  Nghệ An",02383.833.002,vuted.edu.vn,Nghệ An,7480201,Công nghệ thông tin,120,14,Bộ Lao Động Thương Binh Và Xã Hội
SP2,Trường Đại học Sư phạm Hà Nội 2,"Số 32, đường Nguyễn Văn Linh, phường Xuân Hoà, TP. Phúc Yên, Vĩnh Phúc",2113863203,hpu2.edu.vn,Vĩnh Phúc,7480201,Công nghệ thông tin,50,20,Bộ Giáo Dục Và Đào Tạo
SPD,Trường Đại học Đồng Tháp,"783, Phạm Hữu Lầu, Phường 6, Tp. Cao Lãnh, Đồng Tháp",0277 3881518,www.dthu.edu.vn,Đồng Tháp,7480101,Khoa học máy tính,40,14.2,Bộ Giáo Dục Và Đào Tạo
SPH,Trường Đại học Sư phạm Hà Nội,"Số 136 Xuân Thủy, Dịch Vọng Hậu, Cầu Giấy, Hà Nội",024.37.547.823,www.hnue.edu.vn,Hà Nội,7480201A,Công nghệ thông tin,90,16.05,Bộ Giáo Dục Và Đào Tạo
SPH,Trường Đại học Sư phạm Hà Nội,"Số 136 Xuân Thủy, Dịch Vọng Hậu, Cầu Giấy, Hà Nội",024.37.547.823,www.hnue.edu.vn,Hà Nội,7480201B,Công nghệ thông tin,30,16.05,Bộ Giáo Dục Và Đào Tạo
SPK,Trường Đại học Sư phạm Kỹ thuật tp. Hồ Chí Minh,"1-3 Võ Văn Ngân, phường Linh Chiểu, Thủ Đức, TP. Hồ Chí Minh",028 37221223,tuyensinh.hcmute.edu.vn,TP. Hồ Chí Minh,7480108A,Công nghệ kỹ thuật máy tính (CLC tiếng Anh),30,18.1,Bộ Giáo Dục Và Đào Tạo
SPK,Trường Đại học Sư phạm Kỹ thuật tp. Hồ Chí Minh,"1-3 Võ Văn Ngân, phường Linh Chiểu, Thủ Đức, TP. Hồ Chí Minh",028 37221223,tuyensinh.hcmute.edu.vn,TP. Hồ Chí Minh,7480108C,Công nghệ kỹ thuật máy tính (CLC tiếng Việt),60,18.9,Bộ Giáo Dục Và Đào Tạo
SPK,Trường Đại học Sư phạm Kỹ thuật tp. Hồ Chí Minh,"1-3 Võ Văn Ngân, phường Linh Chiểu, Thủ Đức, TP. Hồ Chí Minh",028 37221223,tuyensinh.hcmute.edu.vn,TP. Hồ Chí Minh,7480108D,Công nghệ kỹ thuật máy tính,60,20.6,Bộ Giáo Dục Và Đào Tạo
SPK,Trường Đại học Sư phạm Kỹ thuật tp. Hồ Chí Minh,"1-3 Võ Văn Ngân, phường Linh Chiểu, Thủ Đức, TP. Hồ Chí Minh",028 37221223,tuyensinh.hcmute.edu.vn,TP. Hồ Chí Minh,7480201A,Công nghệ thông tin (CLC tiếng Anh),60,20,Bộ Giáo Dục Và Đào Tạo
SPK,Trường Đại học Sư phạm Kỹ thuật tp. Hồ Chí Minh,"1-3 Võ Văn Ngân, phường Linh Chiểu, Thủ Đức, TP. Hồ Chí Minh",028 37221223,tuyensinh.hcmute.edu.vn,TP. Hồ Chí Minh,7480201C,Công nghệ thông tin (CLC tiếng Việt),150,20.2,Bộ Giáo Dục Và Đào Tạo
SPK,Trường Đại học Sư phạm Kỹ thuật tp. Hồ Chí Minh,"1-3 Võ Văn Ngân, phường Linh Chiểu, Thủ Đức, TP. Hồ Chí Minh",028 37221223,tuyensinh.hcmute.edu.vn,TP. Hồ Chí Minh,7480201D,Công nghệ thông tin,150,21.8,Bộ Giáo Dục Và Đào Tạo
SPK,Trường Đại học Sư phạm Kỹ thuật tp. Hồ Chí Minh,"1-3 Võ Văn Ngân, phường Linh Chiểu, Thủ Đức, TP. Hồ Chí Minh",028 37221223,tuyensinh.hcmute.edu.vn,TP. Hồ Chí Minh,7480203D,Kỹ thuật dữ liệu,60,19.1,Bộ Giáo Dục Và Đào Tạo
SPS,Trường Đại học Sư phạm tp. Hồ Chí Minh,"280 An Dương Vương, Phường 4, Quận 5, TP. Hồ Chí Minh",(028) 3835 2020,hcmue.edu.vn,TP. Hồ Chí Minh,7480201,Công nghệ thông tin,200,17,Bộ Giáo Dục Và Đào Tạo
TAG,Trường Đại học An Giang,"Số 18 Ung Văn Khiêm, P. Đông Xuyên, TP. Long Xuyên, An Giang",0296 6256565 - 1900,www.agu.edu.vn.,An Giang,7480103,Kỹ thuật phần mềm,60,15,UBND Tỉnh An Giang
TAG,Trường Đại học An Giang,"Số 18 Ung Văn Khiêm, P. Đông Xuyên, TP. Long Xuyên, An Giang",0296 6256565 - 1900,www.agu.edu.vn.,An Giang,7480201,Công nghệ thông tin,150,16,UBND Tỉnh An Giang
TBD,Trường Đại học Thái Bình Dương,"Số 79 Mai Thị Dõng, Vĩnh Ngọc, Nha Trang, Khánh Hòa",(058) 3727 182,www.pou.edu.vn,Khánh Hòa,7480201,Công nghệ thông tin,100,13,Bộ Giáo Dục Và Đào Tạo
TCT,Trường Đại học Cần Thơ,"Khu II, đường 3/2, P. Xuân Khánh, Q. Ninh Kiều, Cần Thơ",(0292) 3832663,www.ctu.edu.vn,Cần Thơ,7480101,Khoa học máy tính,120,15.75,Bộ Giáo Dục Và Đào Tạo
TCT,Trường Đại học Cần Thơ,"Khu II, đường 3/2, P. Xuân Khánh, Q. Ninh Kiều, Cần Thơ",(0292) 3832663,www.ctu.edu.vn,Cần Thơ,7480102,Mạng máy tính và truyền thông dữ liệu,120,15.75,Bộ Giáo Dục Và Đào Tạo
TCT,Trường Đại học Cần Thơ,"Khu II, đường 3/2, P. Xuân Khánh, Q. Ninh Kiều, Cần Thơ",(0292) 3832663,www.ctu.edu.vn,Cần Thơ,7480103,Kỹ thuật phần mềm,140,17.75,Bộ Giáo Dục Và Đào Tạo
TCT,Trường Đại học Cần Thơ,"Khu II, đường 3/2, P. Xuân Khánh, Q. Ninh Kiều, Cần Thơ",(0292) 3832663,www.ctu.edu.vn,Cần Thơ,7480104,Hệ thống thông tin,100,15,Bộ Giáo Dục Và Đào Tạo
TCT,Trường Đại học Cần Thơ,"Khu II, đường 3/2, P. Xuân Khánh, Q. Ninh Kiều, Cần Thơ",(0292) 3832663,www.ctu.edu.vn,Cần Thơ,7480106,Kỹ thuật máy tính,120,15.25,Bộ Giáo Dục Và Đào Tạo
TCT,Trường Đại học Cần Thơ,"Khu II, đường 3/2, P. Xuân Khánh, Q. Ninh Kiều, Cần Thơ",(0292) 3832663,www.ctu.edu.vn,Cần Thơ,7480201,Công nghệ thông tin,240,18.25,Bộ Giáo Dục Và Đào Tạo
TCT,Trường Đại học Cần Thơ,"Khu II, đường 3/2, P. Xuân Khánh, Q. Ninh Kiều, Cần Thơ",(0292) 3832663,www.ctu.edu.vn,Cần Thơ,7480201C,Công nghệ thông tin (CLC),40,15,Bộ Giáo Dục Và Đào Tạo
TCT,Trường Đại học Cần Thơ,"Khu II, đường 3/2, P. Xuân Khánh, Q. Ninh Kiều, Cần Thơ",(0292) 3832663,www.ctu.edu.vn,Cần Thơ,7480201H,Công nghệ thông tin (Hòa An),80,14,Bộ Giáo Dục Và Đào Tạo
TCU,Trường Đại học Thông tin liên lạc,"Số 101, đường Mai Xuân Thưởng, phường Vĩnh Hòa, Nha Trang",02583 831805,tcu.edu.vn,Nha Trang,7480201,Công nghệ thông tin,40,20.25,Bộ Quốc Phòng
TDD,Trường Đại học Thành Đô,"Km 15 Quốc lộ 32, Kim Chung, Hoài Đức,  Hà Nội",0243.3861.763,thanhdo.edu.vn,Hà Nội,7480201,Công nghệ thông tin,120,14.5,Bộ Giáo Dục Và Đào Tạo
TDL,Trường Đại học Đà Lạt,"Số 1 Phù Đổng Thiên Vương, Phường 8, Thành phố Đà Lạt, Lâm Đồng",2633.822246,www.dlu.edu.vn,Lâm Đồng,7480201,Công nghệ thông tin,200,14,Bộ Giáo Dục Và Đào Tạo
TDM,Trường Đại học Thủ Dầu Một,"Số 6 Trần Văn Ơn, phường Phú Hòa, TP. Thủ Dầu Một, Bình Dương",(0274) 3822518,tdmu.edu.vn,Bình Dương,7480103,Kỹ thuật phần mềm,130,14,UBND Tỉnh Bình Dương
TDM,Trường Đại học Thủ Dầu Một,"Số 6 Trần Văn Ơn, phường Phú Hòa, TP. Thủ Dầu Một, Bình Dương",(0274) 3822518,tdmu.edu.vn,Bình Dương,7480104,Hệ thống thông tin,130,14,UBND Tỉnh Bình Dương
TDV,Trường Đại học Vinh,"Số 182, đường Lê Duẩn, thành phố Vinh, Nghệ An",(0238) 3855452,www.vinhuni.edu.vn,Nghệ An,7480201,Công nghệ thông tin,250,14,Bộ Giáo Dục Và Đào Tạo
THP,Trường Đại học Hải Phòng,"Số 171 Phan Đăng Lưu, Kiến An, Hải Phòng",(0225)3.591.574,dhhp.edu.vn,Hải Phòng,7480201,Công nghệ thông tin,150,14,UBND TP. Hải Phòng
THV,Trường Đại học Hùng Vương,"Phường Nông Trang, thành phố Việt Trì,  Phú Thọ",(02103) 993 369,www.hvu.edu.vn,Phú Thọ,7480201,Công nghệ thông tin,55,14,UBND Tỉnh Phú Thọ
TKG,Trường Đại học Kiên Giang,"Số 320A, Quốc lộ 61, thị trấn Minh Lương, huyện Châu Thành, Kiên Giang",0297. 368 5368,www.vnkgu.edu.vn,Kiên Giang,7480201,Công nghệ thông tin,110,21,Bộ Giáo Dục Và Đào Tạo
TLA,Trường Đại học Thuỷ lợi,"Số 175 Tây Sơn, Trung Liệt, Đống Đa, Hà Nội",2435671537,tlu.edu.vn,Hà Nội,7480201,Công nghệ thông tin,340,17.95,Bộ Nông Nghiệp Và Phát Triển Nông Thôn
TLA,Trường Đại học Thuỷ lợi,"Số 175 Tây Sơn, Trung Liệt, Đống Đa, Hà Nội",2435671537,tlu.edu.vn,Hà Nội,7480104,Hệ thống thông tin,70,16,Bộ Nông Nghiệp Và Phát Triển Nông Thôn
TLA,Trường Đại học Thuỷ lợi,"Số 175 Tây Sơn, Trung Liệt, Đống Đa, Hà Nội",2435671537,tlu.edu.vn,Hà Nội,7480103,Kỹ thuật phần mềm,70,16,Bộ Nông Nghiệp Và Phát Triển Nông Thôn
TSN,Trường Đại học Nha Trang,"Số 2 Nguyễn Đình Chiểu, Vĩnh Thọ, Thành phố Nha Trang, Khánh Hòa",2583.831149,ntu.edu.vn,Khánh Hòa,7480201,Công nghệ thông tin,200,15.5,Bộ Giáo Dục Và Đào Tạo
TTB,Trường Đại học Tây Bắc,"Phường Quyết Tâm, TP Sơn La, Sơn La",212.37517,www.utb.edu.vn,Sơn La,7480201,Công nghệ thông tin,100,13,Bộ Giáo Dục Và Đào Tạo
TTG,Trường Đại học Tiền Giang,"Số 119 đường Ấp Bắc, Phường 5, Thành phố Mỹ Tho, Tiền Giang",2733860606,www.tgu.edu.vn,Tiền Giang,7480201,Công nghệ thông tin,80,13,UBND Tỉnh Tiền Giang
TTG,Trường Đại học Tiền Giang,"Số 119 đường Ấp Bắc, Phường 5, Thành phố Mỹ Tho, Tiền Giang",2733860606,www.tgu.edu.vn,Tiền Giang,7480104,Hệ thống thông tin,50,13,UBND Tỉnh Tiền Giang
TTN,Trường Đại học Tây Nguyên,"567 Lê Duẩn, Ea Tam, Thành phố Buôn Ma Thuột, Đắk Lắk ",02623 825 185,ttn.edu.vn,Đắk Lắk,7480201,Công nghệ thông tin,80,13,Bộ Giáo Dục Và Đào Tạo
TTQ,Trường Đại học Tư thục Quốc tế Sài Gòn,"8C & 16 Tống Hữu Định, Phường Thảo Điền, Quận 2, Tp.HCM",28.54093929,www.siu.edu.vn,Tp.HCM,7480101,Khoa học máy tính,50,15,Bộ Giáo Dục Và Đào Tạo
TTU,Trường Đại học Tân Tạo,"Đại lộ Đại học Tân Tạo, Tân Đức E. City, Huyện Đức Hòa,  Long An",0272 3769 216,ttu.edu.vn,Long An,7480101,Khoa học máy tính,25,0,Bộ Giáo Dục Và Đào Tạo
UKB,Trường Đại học Kinh Bắc,"Phố Phúc Sơn, Phường Vũ Ninh, Bắc Ninh",0222 (3) 872 890,www.daihockinhbac.edu.vn,Bắc Ninh,7480201,Công nghệ thông tin,200,15,Bộ Giáo Dục Và Đào Tạo
VGU,Trường Đại học Việt Đức,"Đường Lê Lai, Phường Hòa Phú, Thành phố Thủ Dầu Một,  Bình Dương",(0274) 222 0990,www.vgu.edu.vn,Bình Dương,7480101,Khoa học máy tính,90,20.1,Bộ Giáo Dục Và Đào Tạo
VHD,Trường Đại học Công nghiệp Việt - Hung,"Số 16, phố Hữu Nghị, phường Xuân Khanh, Sơn Tây, Hà Nội",2433838345,viu.edu.vn,Hà Nội,7480201,Công nghệ thông tin,300,14,Bộ Công Thương
VLU,Trường Đại học Sư phạm Kỹ thuật Vĩnh Long,"Số 73 Nguyễn Huệ, Phường 2, Vĩnh Long",02703.862.456,www.vlute.edu.vn,Vĩnh Long,7480201,Công nghệ thông tin,200,15,Bộ Lao Động Thương Binh Và Xã Hội
VUI,Trường Đại học Công nghiệp Việt Trì,"Số 9, đường Tiên Sơn, phường Tiên Cát, thành phố Việt Trì, Phú Thọ",2103829247,vui.edu.vn,Phú Thọ,7480201,Công nghệ thông tin,150,13,Bộ Công Thương
XDA,Trường Đại học Xây dựng,"Số 55 đường Giải Phóng, Quận Hai Bà Trưng, Hà Nội",24.38694711,tuyensinh.nuce.edu.vn,Hà Nội,7480201,Công nghệ thông tin,115,19,Bộ Giáo Dục Và Đào Tạo
ZPH,Trường Đại học Trần Đại Nghĩa (hệ dân sự),"189 Nguyễn Oanh, Phường 10, Q. Gò Vấp, TP. Hồ Chí Minh",2839842768,www.tdnu.edu.vn,TP. Hồ Chí Minh,7480101,Khoa học máy tính,40,20.25,Bộ Quốc Phòng
BKA  ,TRƯỜNG ĐẠI HỌC BÁCH KHOA HÀ NỘI,"Số 1 Đại Cồ Việt, Hai Bà Trưng, Hà Nội",,www.hust.edu.vn,Hà Nội,IT-E6,Công nghệ thông tin Việt-Nhật,200,23.1,Bộ Giáo dục và Đào tạo
BKA  ,TRƯỜNG ĐẠI HỌC BÁCH KHOA HÀ NỘI,"Số 1 Đại Cồ Việt, Hai Bà Trưng, Hà Nội",,www.hust.edu.vn,Hà Nội,IT-E7,Công nghệ thông tin ICT,80,24,Bộ Giáo dục và Đào tạo
BKA  ,TRƯỜNG ĐẠI HỌC BÁCH KHOA HÀ NỘI,"Số 1 Đại Cồ Việt, Hai Bà Trưng, Hà Nội",,www.hust.edu.vn,Hà Nội,IT-GINP,Hệ thống thông tin - ĐH Grenoble (Pháp),40,18.8,Bộ Giáo dục và Đào tạo
BKA  ,TRƯỜNG ĐẠI HỌC BÁCH KHOA HÀ NỘI,"Số 1 Đại Cồ Việt, Hai Bà Trưng, Hà Nội",,www.hust.edu.vn,Hà Nội,IT-LTU,Công nghệ thông tin - ĐH La Trobe (Úc),70,20.5,Bộ Giáo dục và Đào tạo
BKA  ,TRƯỜNG ĐẠI HỌC BÁCH KHOA HÀ NỘI,"Số 1 Đại Cồ Việt, Hai Bà Trưng, Hà Nội",,www.hust.edu.vn,Hà Nội,IT-VUW,Công nghệ thông tin - ĐH Victoria (New Zealand),60,19.6,Bộ Giáo dục và Đào tạo
BKA  ,TRƯỜNG ĐẠI HỌC BÁCH KHOA HÀ NỘI,"Số 1 Đại Cồ Việt, Hai Bà Trưng, Hà Nội",,www.hust.edu.vn,Hà Nội,IT1,Khoa học Máy tính,200,25,Bộ Giáo dục và Đào tạo
BKA  ,TRƯỜNG ĐẠI HỌC BÁCH KHOA HÀ NỘI,"Số 1 Đại Cồ Việt, Hai Bà Trưng, Hà Nội",,www.hust.edu.vn,Hà Nội,IT2,Kỹ thuật Máy tính,160,23.5,Bộ Giáo dục và Đào tạo
BKA  ,TRƯỜNG ĐẠI HỌC BÁCH KHOA HÀ NỘI,"Số 1 Đại Cồ Việt, Hai Bà Trưng, Hà Nội",,www.hust.edu.vn,Hà Nội,IT3,Công nghệ thông tin,160,25.35,Bộ Giáo dục và Đào tạo
BKA  ,TRƯỜNG ĐẠI HỌC BÁCH KHOA HÀ NỘI,"Số 1 Đại Cồ Việt, Hai Bà Trưng, Hà Nội",,www.hust.edu.vn,Hà Nội,MI1,Toán-Tin,100,22.3,Bộ Giáo dục và Đào tạo
BKA  ,TRƯỜNG ĐẠI HỌC BÁCH KHOA HÀ NỘI,"Số 1 Đại Cồ Việt, Hai Bà Trưng, Hà Nội",,www.hust.edu.vn,Hà Nội,MI2,Hệ thống thông tin quản lý,60,21.6,Bộ Giáo dục và Đào tạo
BKA  ,TRƯỜNG ĐẠI HỌC BÁCH KHOA HÀ NỘI,"Số 1 Đại Cồ Việt, Hai Bà Trưng, Hà Nội",,www.hust.edu.vn,Hà Nội,TROY-IT,Khoa học máy tính - ĐH Troy (Hoa Kỳ),40,18,Bộ Giáo dục và Đào tạo
DCQ,Trường Đại học Công nghệ và Quản lý Hữu Nghị,"Lô 1-4, Số 431 Tam Trinh, Hoàng Văn Thụ, Hoàng Mai, Hà Nội",,utm.edu.vn,Hà Nội,7480103,Kỹ thuật phần mềm,35,14,Bộ Giáo dục và Đào tạo
DCQ,Trường Đại học Công nghệ và Quản lý Hữu Nghị,"Lô 1-4, Số 431 Tam Trinh, Hoàng Văn Thụ, Hoàng Mai, Hà Nội",,utm.edu.vn,Hà Nội,7480201,Công nghệ thông tin,35,14,Bộ Giáo dục và Đào tạo
DDQ,TRƯỜNG ĐẠI HỌC KINH TẾ – ĐẠI HỌC ĐÀ NẴNG,"71, Ngũ Hành Sơn, TP. Đà Nẵng",,http://www.due.udn.vn,Đà Năng,7340405,Hệ thống thông tin quản lý,260,14.5,Bộ Giáo dục và Đào tạo
DDQ,TRƯỜNG ĐẠI HỌC KINH TẾ – ĐẠI HỌC ĐÀ NẴNG,"72, Ngũ Hành Sơn, TP. Đà Nẵng",,http://www.due.udn.vn,Đà Năng,7340122,Thương mại điện tử,140,14.5,Bộ Giáo dục và Đào tạo
DFA,Trường Đại học Tài chính - Quản trị kinh doanh,Cơ sở 1: Trưng Trắc – Văn Lâm – Hưng Yên,,www.tcqtkd.edu.vn,Hưng Yên,7340405,Hệ thống thông tin quản lý,114,14,Bộ Tài chính
DHK,TRƯỜNG ĐẠI HỌC KINH TẾ - ĐH HUẾ,"Nhà C, số 99 Hồ Đắc Di, Phường An Cựu, Thành phố Huế",,www.hce.edu.vn,Huế,7340405,Hệ thống thông tin quản lý,60,13,Đại học Huế
DHK,TRƯỜNG ĐẠI HỌC KINH TẾ - ĐH HUẾ,"Nhà C, số 99 Hồ Đắc Di, Phường An Cựu, Thành phố Huế",,www.hce.edu.vn,Huế,7340122,Thương mại điện tử,50,14.5,Đại học Huế
DHK,TRƯỜNG ĐẠI HỌC KINH TẾ - ĐH HUẾ,"Nhà C, số 99 Hồ Đắc Di, Phường An Cựu, Thành phố Huế",,www.hce.edu.vn,Huế,7340405CL,Hệ thống thông tin quản lý,40,13,Đại học Huế
DMS,TRƯỜNG ĐẠI HỌC TÀI CHÍNH – MARKETING,"Số 2/4 Trần Xuân Soạn, phường Tân Thuận Tây, quận 7, Tp.HCM",,www.ufm.edu.vn,TP. Hồ Chí Minh,7340405,Hệ thống thông tin quản lý,200,17.5,Bộ Tài chính
DMT,TRƯỜNG ĐẠI HỌC TÀI NGUYÊN VÀ MÔI TRƯỜNG HÀ NỘI,"Số 41A đường Phú Diễn, Phường Phú Diễn, Quận Bắc Từ Liêm, Hà Nội",,www.hunre.edu.vn,Hà Nội,7480201,Công nghệ thông tin,310,14,Bộ Tài nguyên và Môi trường
DTZ,TRƯỜNG ĐẠI HỌC KHOA HỌC,Phường Tân Thịnh - TP. Thái Nguyên - Thái Nguyên,,http://us.tnu.edu.vn,Thái Nguyên,7460117,Toán tin,25,14,Đại học Thái Nguyên
GHA,TRƯỜNG ĐẠI HỌC GIAO THÔNG VẬN TẢI – CS PHÍA BẮC,Số 3 Phố Cầu Giấy - Phường Láng Thượng - Quận Đống Đa - Thành phố Hà Nội,,http://www.utc.edu.vn,Hà Nội,GHA-23,Công nghệ thông tin,200,19.65,Bộ Giáo dục và Đào tạo
GSA,TRƯỜNG ĐẠI HỌC GIAO THÔNG VẬN TẢI – CS PHÍA NAM,"Số 450 Lê Văn Việt, Phường Tăng Nhơn Phú A, Quận 9, Thành phố Hồ Chí Minh",,http://www.utc2.edu.vn,TP. Hồ Chí Minh,GSA-06,Công nghệ thông tin,100,17.4,Bộ Giáo dục và Đào tạo
HBT,HỌC VIỆN BÁO CHÍ VÀ TUYÊN TRUYỀN,"Số 36 Xuân Thủy, Cầu Giấy, Hà Nội ",,www.ajc.edu.vn,Hà Nội,7320104,Truyền thông đa phương tiện,50,21.7,Học viện Chính trị Quốc gia Hồ Chí Minh
HBU,TRƯỜNG ĐẠI HỌC QUỐC TẾ HỒNG BÀNG,"Số 03 Hoàng Việt, Phường 04, Quận Tân Bình, Tp.Hồ Chí Minh",,hbu.com,TP. Hồ Chí Minh,7320105,Truyền thông đa phương tiện,50,14,Bộ Giáo dục và Đào tạo
HBU,TRƯỜNG ĐẠI HỌC QUỐC TẾ HỒNG BÀNG,"Số 03 Hoàng Việt, Phường 04, Quận Tân Bình, Tp.Hồ Chí Minh",,hbu.com,TP. Hồ Chí Minh,7480201,Công nghệ thông tin,50,14,Bộ Giáo dục và Đào tạo
HPN,HỌC VIỆN PHỤ NỮ VIỆT NAM,"Số 68, Đường Nguyễn Chí Thanh, Q. Đống Đa, Hà Nội",,hvpnvn.edu.vn,Hà Nội,7320104,Truyền thông đa phương tiện,50,17.5,Trung ương Hội LHPN Việt Nam
HTC,HỌC VIỆN TÀI CHÍNH,"Số 1 Lê Văn Hiến, P. Đức Thắng, Q. Bắc Từ Liêm, TP. Hà Nội",,www.hvtc.edu.vn,Hà Nội,7340405,Hệ thống thông tin quản lý,120,19.75,Bộ Tài chính
NHH,Học viện Ngân hàng,"Số 12 đường Chùa Bộc, phường Quang Trung, quận Đống Đa, thành phố Hà Nội",,http://hvnh.edu.vn,Hà Nội,7340405,Hệ thống thông tin quản lý,200,20,Ngân hàng Nhà nước Việt Nam
NHS,TRƯỜNG ĐẠI HỌC NGÂN HÀNG TP. HỒ CHÍ MINH,"Số 36 Tôn Thất Đạm, P. Nguyễn Thái Bình, Q.1, Tp.HCM",,www.buh.edu.vn,TP. Hồ Chí Minh,7340405,Hệ thống thông tin quản lý,150,18.6,Ngân hàng Nhà nước Việt Nam
QSK,Trường Đại học Kinh tế - Luật (ĐHQG TP.HCM),"Khu phố 3, Phường Linh Xuân, Quận Thủ Đức, Thành Phố Hồ Chí Minh",,http://www.uel.edu.vn,TP. Hồ Chí Minh,7340405,Hệ thống thông tin quản lý,110,21.25,Đại học Quốc Gia TP. HCM
QSK,Trường Đại học Kinh tế - Luật (ĐHQG TP.HCM),"Khu phố 3, Phường Linh Xuân, Quận Thủ Đức, Thành Phố Hồ Chí Minh",,http://www.uel.edu.vn,TP. Hồ Chí Minh,7340122,Thương mại điện tử,110,21.2,Đại học Quốc Gia TP. HCM
TMA,TRƯỜNG ĐẠI HỌC THƯƠNG MẠI,"79 Đường Hồ Tùng Mậu, phường Mai Dịch, quận Cầu Giấy, Tp.Hà Nội",,www.tmu.edu.vn,Hà Nội,7340122,Thương mại điện tử,250,20.7,Bộ Giáo dục và Đào tạo
TMA,TRƯỜNG ĐẠI HỌC THƯƠNG MẠI,"80 Đường Hồ Tùng Mậu, phường Mai Dịch, quận Cầu Giấy, Tp.Hà Nội",,www.tmu.edu.vn,Hà Nội,7340405,Hệ thống thông tin quản lý,150,19.75,Bộ Giáo dục và Đào tạo
NTU,TRƯỜNG ĐẠI HỌC NGUYỄN TRÃI,"Cơ sở 1: 266 Đội Cấn, Ba Đình, Hà Nội",,daihocnguyentrai.edu.vn,Hà Nội,7480201,Công nghệ thông tin,50,14,Bộ Giáo dục và Đào tạo
